start,end
2020-05-16,2020-07-12
2020-10-26,2020-11-06
2020-12-01,2021-03-14
2021-05-29,2021-06-03
2021-07-06,2021-08-23
2021-08-24,2021-10-01
2021-11-19,2021-11-26
2021-12-01,2021-12-04
2021-12-12,2021-12-15
2022-01-08,2022-01-13
2022-02-22,2022-04-26
2022-04-27,2022-04-30
2022-05-01,2022-06-08
2022-07-03,2022-07-05
2022-08-09,2022-11-13
2022-11-14,2022-11-30
2022-12-01,2022-12-06
2023-01-15,2023-02-15
2023-03-10,2023-05-12
2022-12-01,2022-12-06
2023-03-27,2023-04-01
2023-05-08,2023-05-18
2023-09-06,2023-11-08








